id,invoice_no,transaction_id,client_id,issue_date,due_date,gov_fees,office_fees,discount,vat_rate,vat_amount,total,paid,status,notes,created_at,updated_at
0552b58f-355a-453f-bb7d-84ef719592d6,INV-2026-01003,f9d5ff37-0125-4524-866a-1ffc576f953d,0f44ce98-9044-4acb-9240-904ba27c3734,2026-08-23,,2500.00,500.00,0.00,0.00,0.00,3000.00,0.00,unpaid,,2026-08-23 16:58:16.581731+00,2026-08-24 12:49:13.179679+00
c2bb887b-2635-4292-9387-973523a2da23,INV-2026-01004,41276def-477e-425d-a5c2-3faf16431c83,0f44ce98-9044-4acb-9240-904ba27c3734,2026-08-23,,2500.00,500.00,0.00,0.00,0.00,3000.00,3000.00,paid,,2026-08-23 16:58:16.912127+00,2026-08-24 12:49:15.754979+00
61cbb3ca-f26a-4b48-a7bb-5b7b6b8639e6,INV-2026-01005,4879d93b-deb7-4a0c-b979-f7d7322cb767,3234c1d2-17d9-414d-b0fd-fa229f08d193,2026-08-23,,1000.00,100.00,0.00,0.00,0.00,1100.00,0.00,unpaid,,2026-08-23 19:16:31.852349+00,2026-08-24 12:49:17.481774+00
bccfd9c2-a1b2-418c-be65-1f76d8a5fc1a,INV-2026-01006,2a8c037a-2e84-4b56-9574-4ada2b972765,3234c1d2-17d9-414d-b0fd-fa229f08d193,2026-08-24,,18000.00,800.00,0.00,0.00,0.00,18800.00,0.00,unpaid,,2026-08-24 10:41:48.739926+00,2026-08-24 12:49:19.626721+00
87f55dfe-f739-417a-ba00-0eec01e6be9b,INV-2026-01007,b71026c2-516e-4cd1-96cc-2a7407d37a2b,3234c1d2-17d9-414d-b0fd-fa229f08d193,2026-08-24,,1001.00,101.00,0.00,0.00,0.00,1102.00,0.00,unpaid,,2026-08-24 12:03:24.09426+00,2026-08-24 12:49:23.836957+00
84909a0a-2aab-4c75-a2e3-abb2bef88352,INV-2026-01008,e9b6a9aa-34b6-4e44-ab7d-b992afa88a6c,0f44ce98-9044-4acb-9240-904ba27c3734,2026-08-24,,1001.00,101.00,0.00,0.00,0.00,1102.00,0.00,unpaid,,2026-08-24 12:50:41.367173+00,2026-08-24 12:50:41.367173+00
fa563739-411c-4638-9244-123ea3f87304,INV-2026-01009,b3b2c35d-6886-4dc2-ae1e-f225123508ff,3234c1d2-17d9-414d-b0fd-fa229f08d193,2026-08-24,,4003.00,603.00,0.00,0.00,0.00,4606.00,4606.00,paid,,2026-08-24 13:18:27.274745+00,2026-08-24 20:48:12.298108+00
1f18127d-c30a-4061-91c6-a47a13d1db4d,INV-2026-01001,a2dea861-b1f0-4c15-89f9-89534b301bbc,e19c6f13-9ccf-4513-a4e5-6f8098605bd8,2026-08-19,,700.00,100.00,0.00,0.00,0.00,800.00,800.00,paid,,2026-08-19 20:06:28.696202+00,2026-08-24 12:49:09.402867+00
a47e0d65-08da-4a93-aeb3-f8be3a578186,INV-2026-01002,6e965014-a44b-460d-b693-2dbd599cfa67,e19c6f13-9ccf-4513-a4e5-6f8098605bd8,2026-08-19,,700.00,100.00,0.00,0.00,0.00,800.00,800.00,paid,,2026-08-19 20:16:19.791574+00,2026-08-24 12:49:11.224761+00
