id,ref_no,client_id,type_id,type_name,gov_entity,employee_id,opened_at,completed_at,status,gov_fee,office_fee,discount,vat_rate,payment_method,notes,created_by,created_at,updated_at,gov_fee_paid,gov_fee_paid_at,type_name_en,gov_entity_en
a2dea861-b1f0-4c15-89f9-89534b301bbc,TRX-2026-01001,e19c6f13-9ccf-4513-a4e5-6f8098605bd8,1f6a24a0-de6f-424e-8e58-eb3232fa27c3,تسجيل سجل تجاري,البلدية,,2026-08-19,2026-08-19,completed,700.00,100.00,0.00,0.00,cash,,,2026-08-19 20:06:28.696202+00,2026-08-24 12:49:09.402867+00,t,2026-08-24,,
6e965014-a44b-460d-b693-2dbd599cfa67,TRX-2026-01002,e19c6f13-9ccf-4513-a4e5-6f8098605bd8,1f6a24a0-de6f-424e-8e58-eb3232fa27c3,تسجيل سجل تجاري,البلدية,,2026-08-19,,new,700.00,100.00,0.00,0.00,cash,,,2026-08-19 20:16:19.791574+00,2026-08-24 12:49:11.224761+00,t,2026-08-24,,
f9d5ff37-0125-4524-866a-1ffc576f953d,TRX-2026-01003,0f44ce98-9044-4acb-9240-904ba27c3734,326c64a4-069b-4efc-8ac6-4755e601c12e,Property Valuation,Dubai Land Department,,2026-08-23,,new,2500.00,500.00,0.00,0.00,cash,,,2026-08-23 16:58:16.581731+00,2026-08-24 12:49:13.179679+00,t,2026-08-24,,
41276def-477e-425d-a5c2-3faf16431c83,TRX-2026-01004,0f44ce98-9044-4acb-9240-904ba27c3734,326c64a4-069b-4efc-8ac6-4755e601c12e,Property Valuation,Dubai Land Department,,2026-08-23,,new,2500.00,500.00,0.00,0.00,cash,,,2026-08-23 16:58:16.912127+00,2026-08-24 12:49:15.754979+00,t,2026-08-24,,
4879d93b-deb7-4a0c-b979-f7d7322cb767,TRX-2026-01005,3234c1d2-17d9-414d-b0fd-fa229f08d193,2827df9d-26e5-4fa5-bf97-dbfc5c17d7b6,طلب ارض سكنية,وزارة الاسكان,8cd2f5d7-7e3e-458f-b1dd-e414eb1051f5,2026-08-23,,cancelled,1000.00,100.00,0.00,0.00,cash,,,2026-08-23 19:16:31.852349+00,2026-08-24 12:49:17.481774+00,t,2026-08-24,Application for a residential plot,Dubai Land Department
2a8c037a-2e84-4b56-9574-4ada2b972765,TRX-2026-01006,3234c1d2-17d9-414d-b0fd-fa229f08d193,5f27a575-6d00-4e0c-89c7-ba7f23e00659,Family Visa,immigration,8cd2f5d7-7e3e-458f-b1dd-e414eb1051f5,2026-08-24,,new,18000.00,800.00,0.00,0.00,transfer,,,2026-08-24 10:41:48.739926+00,2026-08-24 12:49:19.626721+00,t,2026-08-24,,
b71026c2-516e-4cd1-96cc-2a7407d37a2b,TRX-2026-01007,3234c1d2-17d9-414d-b0fd-fa229f08d193,,تسجل عقد عمل +1,Ministry Of Labor (Mohre) / Attention & Lagal Translation,,2026-08-24,,new,1001.00,101.00,0.00,0.00,cash,,,2026-08-24 12:03:24.09426+00,2026-08-24 12:49:23.836957+00,t,2026-08-24,Register one person +1,
e9b6a9aa-34b6-4e44-ab7d-b992afa88a6c,TRX-2026-01008,0f44ce98-9044-4acb-9240-904ba27c3734,,Ejary +1,Department Of Economic Development / Ministry Of Labor (Mohre),8cd2f5d7-7e3e-458f-b1dd-e414eb1051f5,2026-08-24,,new,1001.00,101.00,0.00,0.00,cash,,,2026-08-24 12:50:41.367173+00,2026-08-24 12:50:41.367173+00,f,,,
b3b2c35d-6886-4dc2-ae1e-f225123508ff,TRX-2026-01009,3234c1d2-17d9-414d-b0fd-fa229f08d193,,Opining Bank Account +4,Banking / Dubai Land Department / Ministry Of Labor (Mohre) / EID & DHA,,2026-08-24,,new,4003.00,603.00,0.00,0.00,cash,,,2026-08-24 13:18:27.274745+00,2026-08-24 13:18:27.274745+00,f,,,Dubai Land Department
