id,transaction_id,entity_id,gov_entity,gov_entity_en,type_id,type_name,type_name_en,gov_fee,office_fee,sort_order,created_at
d2002205-a9c8-472b-9510-215e995cc695,b71026c2-516e-4cd1-96cc-2a7407d37a2b,2396df03-1044-4b19-955d-47a15a1830ab,Ministry Of Labor (Mohre),,b0d46b16-b454-47d5-8b86-ef49e2fded22,تسجل عقد عمل,Register one person,1000,100,0,2026-08-24 12:03:24.821663+00
80a4d65f-bc6d-4b54-bab1-962e2c121943,b71026c2-516e-4cd1-96cc-2a7407d37a2b,d252e66f-9d7a-4f08-b388-54b520e91ecb,Attention & Lagal Translation,,ff4e3a4c-84f4-4cc7-afdd-8edb42f29bb7,MOFA,,1,1,1,2026-08-24 12:03:24.821663+00
8e1ccc8d-e8d5-4117-b593-ee35172622ea,e9b6a9aa-34b6-4e44-ab7d-b992afa88a6c,6a53ee6a-4288-42ad-8444-73ca8a12b80b,Department Of Economic Development,,8a49f8d5-3106-47c5-84ab-040f6d7f811c,Ejary,,1,1,0,2026-08-24 12:50:41.959237+00
43ebe2ef-45d0-42b1-9138-26d7926d5927,e9b6a9aa-34b6-4e44-ab7d-b992afa88a6c,2396df03-1044-4b19-955d-47a15a1830ab,Ministry Of Labor (Mohre),,b0d46b16-b454-47d5-8b86-ef49e2fded22,تسجل عقد عمل,Register one person,1000,100,1,2026-08-24 12:50:41.959237+00
53f675fb-6b7b-4cdc-aac5-77d3d2a7c7a1,b3b2c35d-6886-4dc2-ae1e-f225123508ff,5291d977-c8eb-492d-b999-193bea0b4756,Banking,,d7dedd6c-84da-4f18-a955-f40d1d1458e1,Opining Bank Account,,3000,500,0,2026-08-24 13:18:27.815944+00
9aea7118-6430-4150-ab36-b93044b38eea,b3b2c35d-6886-4dc2-ae1e-f225123508ff,df43477e-8234-409d-9741-80e1dd49be7a,Dubai Land Department,Dubai Land Department,e7edbb1e-ca7f-43da-86be-1bc872e1692b,2 Years TASKEEN Visa,,1,1,1,2026-08-24 13:18:27.815944+00
82c388bc-dce4-4cf7-badd-5022f0e4a988,b3b2c35d-6886-4dc2-ae1e-f225123508ff,2396df03-1044-4b19-955d-47a15a1830ab,Ministry Of Labor (Mohre),,b0d46b16-b454-47d5-8b86-ef49e2fded22,تسجل عقد عمل,Register one person,1000,100,2,2026-08-24 13:18:27.815944+00
01a4127d-9530-4379-bacb-a7dca04ba848,b3b2c35d-6886-4dc2-ae1e-f225123508ff,eb897645-293d-4553-ad52-37e3c6e1f5de,EID & DHA,,a0d38d77-b836-40db-9a4c-e6d408729c13,Normal Medical Test,,1,1,3,2026-08-24 13:18:27.815944+00
eb791836-4dff-47c3-8d18-7a2f0e15b7c7,b3b2c35d-6886-4dc2-ae1e-f225123508ff,2396df03-1044-4b19-955d-47a15a1830ab,Ministry Of Labor (Mohre),,d9fe1ecd-c61f-479f-914f-9fd5aef408ad,Add a Quota,,1,1,4,2026-08-24 13:18:27.815944+00
